{"cameraMode":{"drawMode":0,"name":"Shaded","section":"Shading Mode"},"sceneLighting":true,"audioPlay":false,"sceneViewState":{"m_AlwaysRefresh":false,"showFog":true,"showSkybox":true,"showFlares":true,"showImageEffects":true,"showParticleSystems":true,"showVisualEffectGraphs":true,"m_FxEnabled":true},"in2DMode":false,"pivot":{"x":1.850278377532959,"y":-6.496434211730957,"z":22.23356056213379},"rotation":{"x":-0.16834209859371186,"y":-0.08652592450380326,"z":0.014836628921329975,"w":-0.9818112254142761},"size":17.030052185058595,"orthographic":false}