{"cameraMode":{"drawMode":0,"name":"Shaded","section":"Shading Mode"},"sceneLighting":true,"audioPlay":false,"sceneViewState":{"m_AlwaysRefresh":false,"showFog":true,"showSkybox":true,"showFlares":true,"showImageEffects":true,"showParticleSystems":true,"showVisualEffectGraphs":true,"m_FxEnabled":true},"in2DMode":false,"pivot":{"x":14.140654563903809,"y":5.0865068435668949,"z":2.811279296875},"rotation":{"x":0.33556777238845827,"y":0.022601131349802018,"z":-0.008054756559431553,"w":0.9417144060134888},"size":12.846588134765625,"orthographic":false}